Name,Attachments,Description,Status,Team,URL,URL (1)
Implement State Charities,,"Implement state charities, institutionalizing goodwill.",In development,,https://tasty-truffle-311.notion.site/An-Altruistic-Society-State-Charities-and-Institutionalizing-Goodwill-1b4c1c04bbc1805b8ee0fced6badbd08?pvs=4,
Contribute to Peace Efforts,,"Make efforts such as fostering treaties, deals, and peace acclimation to create peaceful and harmonious conditions over conflict.",In development,All,,
Implementing The Policy on The Affordability of Basic Goods,,"Implementing the affordability of basic goods to increase affordability, foster local industries by decreasing the cost to manufacture.",In development,All,https://www.stellarium.ddns-ip.net/projects,
Creation of State Construction Company,BOARD/Efficiency_Is_Necessary.pdf,"Creation of a state construction company and fostering the building of homes and building through less beraucracy and other measures. ",In development,Policy Makers,https://www.stellarium.ddns-ip.net/writings,
Creating State Company for Agriculture,BOARD/Efficiency_Is_Necessary%201.pdf,"Create a State Company for Agriculture, Debureacratize Farming. To increase The Supply of Goods for Domestic Market and Exporting.",In development,Policy Makers,https://www.stellarium.ddns-ip.net/writings,
Gain Knowledge And Implement Wealth Activism,,"Implement wealth activism, by implementing policies that maximize prosperity and wellness.",In development,All,https://www.stellarium.ddns-ip.net/projects,
CRYPTO TOKENS FOR CREATOR WEBSITES,,"The brilliant project is for websites like YouTube and others to create their own crypto tokens or coins effectively securitizing creators content, a great advantage is to make it like the stock market, making all creators invested in the success of the enterprise.

✓ A crypto token for the website is launched, right away attracting investors and traders on the market.

✓All creators are paid with crypto tokens for the content created.

Liquidity Providers

✓ Advertisers pay the website with the crypto token, either directly or in the backend.

✓ The website can stake on the crypto token.

✓ Traders and investors can trade the crypto token on the market.

✓ Donors and supporters of the creators can buy the crypto token and donate directly to their creators.",In development,Tech Industry,https://www.stellarium.ddns-ip.net/projects,
Implementing Subsidized Jobs,BOARD/Subsidized_Jobs.pdf,"Subsidized Jobs as an alternative to tax subsidies with deals such as no stock buybacks and no dividends, so that excess capital is used on the company in investment and wages. Subsidized Jobs as way for social security. Subsidized Jobs as a way to curb unemployment.",In development,Policy Makers,https://tasty-truffle-311.notion.site/Subsidized-Jobs-Initiative-A-Path-To-Full-Employment-And-Prosperity-1a7c1c04bbc1802c8ed0ee6fa628aead?pvs=4,
Building AI Systems to Support The Elevation to Eden,BOARD/Elevation_To_Eden-_Post_Scarcity_Society.pdf,"Build AI systems for automation and robotics to build a robotic workforce and support the Elevation to Eden. All of ",Reviewing,Tech Industry,https://tasty-truffle-311.notion.site/AI-Products-To-Be-Built-188c1c04bbc180b68653ec95ac76bdac?pvs=4,
Supercharging Educatiom,,Integrating AI in education and enhancing students knowledge and performance.,Reviewing,All,https://tasty-truffle-311.notion.site/Order-For-Education-188c1c04bbc18086b726f85f3ba3d9f8?pvs=4,https://tasty-truffle-311.notion.site/Water-Classroom-19cc1c04bbc180b18720d5998a6b081d?pvs=4
Build AI Robotics The Right Way,,,Reviewing,Tech Industry,https://tasty-truffle-311.notion.site/Why-The-Robotics-Status-Quo-Is-Lacking-178c1c04bbc1803989eae83d2cab2b09?pvs=4,
Creating A Platform For AI Workforce,,"A platform that would serve AI agents, read link.",Reviewing,Tech Industry,https://tasty-truffle-311.notion.site/Order-For-AI-Agents-170c1c04bbc1806cb270fa17082bc9b4?pvs=4,https://tasty-truffle-311.notion.site/Water-Company-19bc1c04bbc180f188c1cd6f8d5c4681?pvs=4
"AI Model That Builds on SOTA AI Models, To Build a Complete AI Product",,"Read link, read my x profile",Done,Tech Industry,https://tasty-truffle-311.notion.site/Water-AI-Model-184c1c04bbc180d0b23eefaad3f01c6a?pvs=4,
